-- phpMyAdmin SQL Dump
-- version 4.0.10.16
-- http://www.phpmyadmin.net
--
-- Host: localhost
-- Generato il: Set 03, 2016 alle 15:58
-- Versione del server: 5.5.46
-- Versione PHP: 5.6.25

SET SQL_MODE = "NO_AUTO_VALUE_ON_ZERO";
SET time_zone = "+00:00";


/*!40101 SET @OLD_CHARACTER_SET_CLIENT=@@CHARACTER_SET_CLIENT */;
/*!40101 SET @OLD_CHARACTER_SET_RESULTS=@@CHARACTER_SET_RESULTS */;
/*!40101 SET @OLD_COLLATION_CONNECTION=@@COLLATION_CONNECTION */;
/*!40101 SET NAMES utf8 */;

--
-- Database: `CLIPS`
--
CREATE DATABASE IF NOT EXISTS `CLIPS` DEFAULT CHARACTER SET utf8 COLLATE utf8_general_ci;
USE `CLIPS`;

--
-- Dump dei dati per la tabella `AuthToken`
--

INSERT INTO `AuthToken` (`token`, `userID`, `expirationDate`) VALUES
('00001f3a626844ac8e268200ede996c7', 9, '2016-12-31 00:00:00'),
('031e721878e540078ef2977c988e1a22', 104, '2016-12-31 00:00:00'),
('03688ecf455d4db1abd415d461c00e3b', 9, '2016-12-31 00:00:00'),
('037fca44b368', 7, '2016-12-31 00:00:00'),
('03a286295073416197c4de43cf82ccb1', 57, '2016-09-03 08:55:07'),
('0675fb44d112', 7, '2016-12-31 00:00:00'),
('094b22910652483da9acbcd2c5800314', 88, '2016-12-31 00:00:00'),
('09d3e737ba674ecbb4fc259ff155a5b3', 37, '2016-09-03 08:38:17'),
('0df5a49ab9db', 7, '2016-12-31 00:00:00'),
('0fd279d50361', 7, '2016-12-31 00:00:00'),
('0fd2ea0eaf06427d83b855f78f37d82d', 109, '2016-09-03 11:44:13'),
('110ccdb404c5', 7, '2016-08-11 18:56:36'),
('12874013fd1c454994f8fc44b7ce8985', 88, '2016-09-03 11:04:18'),
('1622b5d0e9f744fcba296cb9be704a72', 114, '2016-09-03 15:32:45'),
('16f5df9bd049', 7, '2016-12-31 00:00:00'),
('1aff62faa140', 7, '2016-12-31 00:00:00'),
('1b42ff738d634051b0b6fdb47deb0736', 92, '2016-09-03 11:12:44'),
('1b4fb091a2bc49dda8e0f8d57309da7b', 89, '2016-12-31 00:00:00'),
('1bede8743a1247ee918549603bd9efef', 56, '2016-09-03 08:54:44'),
('1c21a66cddfa4df08b4799c6d4709d5c', 74, '2016-09-03 09:32:15'),
('1f9ca593b7ea4ed09e7d2c52a9117642', 107, '2016-12-31 00:00:00'),
('202454d43c0c406ca8ba1a03dea05541', 62, '2016-09-03 09:08:36'),
('230571b604ba46a1b551afd21ee5a021', 90, '2016-09-03 11:11:58'),
('2421930a3f4a', 7, '2016-12-31 00:00:00'),
('2421ad23661d4846a79e3f89e50044e6', 81, '2016-09-03 10:14:44'),
('244d095105784bf8aa2672a9dcab6460', 75, '2016-09-03 09:32:28'),
('25ded3990bad42b494bc5af49109a652', 52, '2016-09-03 08:45:13'),
('2647c701aace', 7, '2016-12-31 00:00:00'),
('26da610c56df', 7, '2016-12-31 00:00:00'),
('27b7009e25f3', 7, '2016-12-31 00:00:00'),
('2de2187485c947baa96bcce40e5d5489', 9, '2016-12-31 00:00:00'),
('2e46c642aeeb41f78080c3ed9b29d2cd', 50, '2016-09-03 08:42:55'),
('32f18c876ece421d86220c9ee04b01d5', 99, '2016-09-03 11:31:24'),
('3663cb18f4e443f0945e21c6db0c1c98', 91, '2016-09-03 11:12:22'),
('374d7cd2e1434e1cae057afbc2c42b20', 9, '2016-12-31 00:00:00'),
('37abc11d4a294aafb48fffb53228f773', 34, '2016-09-03 08:32:21'),
('387f42e24b224dc0919f827147183132', 108, '2016-12-31 00:00:00'),
('39c226496d0d40288cdb16f25d1c5725', 66, '2016-09-03 09:13:16'),
('3a00ceb38c8843d981e6d997df28e5ac', 113, '2016-09-03 15:08:56'),
('3acf47c4f06441538ea94c4bae8edaaf', 51, '2016-09-03 08:43:33'),
('3c31fcc5a91c', 2, '2016-08-04 14:47:46'),
('3da2e7123f4840958a4b1faca5ad7fef', 83, '2016-09-03 10:43:35'),
('3fa6973bbd024e4cbda3bcde8626eaf8', 25, '2016-12-31 00:00:00'),
('426c417ca8fa4f7ab164a05c6ce1cf78', 9, '2016-12-31 00:00:00'),
('43117387c146', 7, '2016-12-31 00:00:00'),
('442f118ccb13468faa14371d41606b87', 9, '2016-12-31 00:00:00'),
('4676794a8f614e94abf90b2738856a62', 69, '2016-09-03 09:23:51'),
('4887ecaae1a642808c3fa82ba9812038', 111, '2016-09-03 15:00:21'),
('48c75bb49b884637a019f14f56d3c1b2', 94, '2016-12-31 00:00:00'),
('4986c632d6d7', 7, '2016-12-31 00:00:00'),
('4a5e78d00737', 7, '2016-12-31 00:00:00'),
('4a96d170b55446ccb5e494cbdccab00a', 68, '2016-09-03 09:22:38'),
('4c083b5f564d', 7, '2016-12-31 00:00:00'),
('4e5d22a789a64f6596f0b625677a1fe9', 67, '2016-09-03 09:16:50'),
('4f1c14d8ce5144fd92964972fbb0944d', 9, '2016-12-31 00:00:00'),
('501a6f6e68304f67899766f3b7eca4d0', 102, '2016-09-03 11:33:25'),
('52f3e3b64b4c', 7, '2016-12-31 00:00:00'),
('5402d04957d7', 7, '2016-12-31 00:00:00'),
('557ec86589a54080bca579f3d236d9e5', 97, '2016-09-03 11:29:12'),
('55d1112e43724e4fa127b55598cdd31a', 25, '2016-08-25 10:12:40'),
('5642125df042', 7, '2016-12-31 00:00:00'),
('565e386b5d53463d90624855bdc135cb', 90, '2016-12-31 00:00:00'),
('56cd13105a57401387944a2d2633d65b', 79, '2016-09-03 09:54:41'),
('57f4c71a968148ef98d61210d7763cc9', 99, '2016-12-31 00:00:00'),
('5d666e826088417ca37f991e485135e1', 95, '2016-09-03 11:17:04'),
('5fc1fe24e19b4c638439c2bf823e5f54', 53, '2016-09-03 08:45:26'),
('5ff11ee8d7844348a0505811b20d4595', 45, '2016-09-03 08:41:01'),
('6126e0bd2bb8', 7, '2016-12-31 00:00:00'),
('62f76a71c38c43fbb99caba401f13daa', 25, '2016-12-31 00:00:00'),
('63230ff25107459baa98ee621a1f37d8', 65, '2016-09-03 09:12:26'),
('663e32d813f0401cb5410a65925278fb', 119, '2016-09-03 15:44:20'),
('667651db083b', 3, '2016-08-04 14:58:28'),
('67075fc119fd49ed9e5ab3e265ea24b2', 9, '2016-12-31 00:00:00'),
('6786dcb0db0c', 7, '2016-12-31 00:00:00'),
('6a3e29de358d4128a62aa3b5cd059cd5', 97, '2016-12-31 00:00:00'),
('6b49079fe0fb4ea6a147c45f5f9e0d5e', 9, '2016-12-31 00:00:00'),
('6c557ebd2aef4f8a82da970ed391cc83', 100, '2016-09-03 11:31:51'),
('6c9f79ec819f4c68847ba7adae6950f7', 89, '2016-09-03 11:05:06'),
('6d074bfb06594c96bfefc646691894f3', 91, '2016-12-31 00:00:00'),
('6de4e8ea8d984a9db97cb52dcbf0e6cd', 96, '2016-09-03 11:28:07'),
('6f633772d74c406e956fc0651185e619', 9, '2016-12-31 00:00:00'),
('719ff6b276e94342b092936b936ed6cf', 44, '2016-09-03 08:40:42'),
('78b3a33b3600439f9190fc1604fd5a48', 109, '2016-12-31 00:00:00'),
('795ce8abf4c548feae47eaf8fd0525e9', 98, '2016-12-31 00:00:00'),
('7976222e1325', 7, '2016-12-31 00:00:00'),
('7cf53bb242004fd4b0e39d63fbd016e4', 9, '2016-12-31 00:00:00'),
('7e6d270142ba4b40a0e3178b72d7259f', 49, '2016-09-03 08:42:46'),
('7f503a35a4a0', 7, '2016-12-31 00:00:00'),
('806d4af50a0b403f98f8c00361f394fb', 103, '2016-09-03 11:37:56'),
('8147dacb3458427496438f70f5e68167', 77, '2016-09-03 09:33:55'),
('848825db4b1240ab9bfcc30143072f71', 93, '2016-09-03 11:15:04'),
('8bccddc29607452aa8c623fcc4e40571', 106, '2016-12-31 00:00:00'),
('8bdee239a9b54302ba9c57e3cdb39408', 116, '2016-09-03 15:38:38'),
('8fe22879bf984d2390fd05ba0fe1cc7d', 117, '2016-09-03 15:38:38'),
('932fe9bd72ed44c5b33a70349be5f794', 115, '2016-09-03 15:35:38'),
('93e381680b62', 7, '2016-12-31 00:00:00'),
('9545beef546d4717b4cad6cbf8568a45', 58, '2016-09-03 08:55:23'),
('964e5d9f213e48f9b22eee6fb7327475', 39, '2016-09-03 08:39:18'),
('97e8050db19d4f8185539857677952f7', 26, '2016-12-31 00:00:00'),
('98b40213eafa410ab6103b8073de7a9f', 9, '2016-12-31 00:00:00'),
('9b0dc0e5125c48fb8cbf1d8555866310', 104, '2016-09-03 11:38:52'),
('9b444df00879', 7, '2016-12-31 00:00:00'),
('9c807bcd15824353a1d78e204855f6f0', 26, '2016-12-31 00:00:00'),
('9e62649297394825874d6b2997bf1662', 47, '2016-09-03 08:41:06'),
('9ed4d8676cee4b88b93a929fe29e601c', 64, '2016-09-03 09:11:56'),
('a065330afd784f5780a612af6554ab74', 93, '2016-12-31 00:00:00'),
('a19d4554545e4b129beccd9f0dee17f1', 32, '2016-09-03 08:16:09'),
('a1d7fdd5523946839873a6741dce4373', 87, '2016-12-31 00:00:00'),
('a402ef33dbf445cab0fc255cbe8ae58d', 82, '2016-09-03 10:43:09'),
('a41e44a5d3b344efb878cf5b0bbe23d1', 105, '2016-09-03 11:39:00'),
('a5ce9c0ed46c4a72a867bb8aeb179294', 9, '2016-12-31 00:00:00'),
('a70f4dcf1ed049b7837dad30aedaadb7', 96, '2016-12-31 00:00:00'),
('a7dcb6b52d794d5cadefe0b554cf5281', 95, '2016-12-31 00:00:00'),
('a83544963bf4415dbdb07e58eb6a9104', 54, '2016-09-03 08:53:13'),
('aadbf83151bc447eb93fff2e34ffe76a', 92, '2016-12-31 00:00:00'),
('ab39514214e24c2a8f17a00a810a00e4', 73, '2016-09-03 09:30:21'),
('abda8cf8a4624697b5dafc4f1ba91dad', 41, '2016-09-03 08:39:52'),
('afc754f968ef459f81919d18444173e0', 103, '2016-12-31 00:00:00'),
('b0f3d41b20434b3d958d8593523c40df', 38, '2016-09-03 08:39:11'),
('b21fdf43ff50', 7, '2016-12-31 00:00:00'),
('b2f4af52c6a74f54ab334c4b9900f6d5', 9, '2016-12-31 00:00:00'),
('b30d2ca34eaf', 7, '2016-12-31 00:00:00'),
('b615c0efbc56', 7, '2016-12-31 00:00:00'),
('b94a6f9575e544b2af4dbf26ff57179c', 84, '2016-09-03 10:49:05'),
('bd10dcb571fb', 7, '2016-12-31 00:00:00'),
('bded6ad2064b47c59cfdf058dd32e6a2', 108, '2016-09-03 11:41:19'),
('be4494d7762b4693ba81961e1c6e839d', 25, '2016-12-31 00:00:00'),
('bf0fe8d39cac', 7, '2016-12-31 00:00:00'),
('bf7318500be64c7984dc4c24b910b219', 94, '2016-09-03 11:15:19'),
('c06127edfca7408997b88444e6ec4c39', 60, '2016-09-03 08:56:01'),
('c15d4c8e60e443cfacf7acaf32a9bea8', 101, '2016-09-03 11:32:46'),
('c2a30510562f4894b0549f1945c2969b', 72, '2016-09-03 09:29:36'),
('c350eae335ec42bdb666871cc6f8a7cf', 110, '2016-09-03 11:46:47'),
('c39b9706f34e43dbaf7ebd8485e47da1', 42, '2016-09-03 08:40:09'),
('c414721890f94639a2e56d77e35b8dda', 80, '2016-09-03 09:55:02'),
('c488552729bd', 7, '2016-12-31 00:00:00'),
('c4ac99297335', 7, '2016-12-31 00:00:00'),
('c4dd65506b12', 7, '2016-12-31 00:00:00'),
('c66b3a2268ee', 7, '2016-12-31 00:00:00'),
('c72fc381203949ba8af53d1c08d529df', 48, '2016-09-03 08:41:08'),
('c94728cdfbfc418394a6c0ebb22048ca', 118, '2016-09-03 15:39:16'),
('cebefb7305af4c039cbdbf664eb492a5', 40, '2016-09-03 08:39:44'),
('cf9ad04f81bd467a817b1da8f18ba858', 1, '2016-12-31 00:00:00'),
('d083bd5bc6c94b788ec6ee4a08d95c6c', 120, '2016-09-03 15:47:14'),
('d4f4ac8af8ac44469c12331d8a205df3', 100, '2016-12-31 00:00:00'),
('d4f7ea256a764da9a21779896a133132', 7, '2016-12-31 00:00:00'),
('d5cce1e8bdd343ad9bd208782fe0317c', 35, '2016-09-03 08:37:47'),
('d762230252a8488199ae305fb2db121a', 9, '2016-12-31 00:00:00'),
('dd664cb2ee2e42da90733dc8c8b2a731', 9, '2016-12-31 00:00:00'),
('de585d9ad2764fa9b07f27644465dc7c', 86, '2016-12-31 00:00:00'),
('df98144bda59487db318ebbe73c74b62', 59, '2016-09-03 08:55:40'),
('e0cbd399076a421d845883e7606fabb7', 43, '2016-09-03 08:40:16'),
('e21f722dd7c54676bc763761c80cc8dc', 107, '2016-09-03 11:39:51'),
('e6b1766699b1', 7, '2016-12-31 00:00:00'),
('e7007e3e929245d8ba8eb4b404290406', 98, '2016-09-03 11:30:15'),
('eaade53cb2c248d7bc6fb4700a0f1d58', 101, '2016-12-31 00:00:00'),
('eb07d1e777424b0c9b162acd9d75afba', 76, '2016-09-03 09:33:34'),
('eb170d6b3f314a6ba0308d94aa141184', 55, '2016-09-03 08:53:25'),
('ebe2cac36b1a', 7, '2016-12-31 00:00:00'),
('ec4bd38eadf241309b8a9298532ab1b7', 112, '2016-09-03 15:05:18'),
('ec8146729e2e4b42b7012f88a3a590f5', 78, '2016-09-03 09:34:25'),
('ed3634e7da7445f3952b8e705eef27db', 30, '2016-08-27 10:21:33'),
('edce771379d34301b78c3f777324b3ac', 87, '2016-09-03 11:02:01'),
('ef1ce8f9a6bc4d60b0e058538ac99819', 105, '2016-12-31 00:00:00'),
('f078b4cb23a647ae867d592ba59ac907', 110, '2016-12-31 00:00:00'),
('f14acdd110434aa5ad874cec42233acc', 9, '2016-12-31 00:00:00'),
('f1893c95f62b46c1ad33a3f58b7ccc4a', 71, '2016-09-03 09:27:49'),
('f24323b4ff284870a97ace62ae227f2d', 46, '2016-09-03 08:41:04'),
('f24f3bf9cdbb', 4, '2016-08-04 14:59:56'),
('f309d0fcda804507973ff775b8b89a3d', 85, '2016-09-03 10:50:49'),
('f31a6b08e6ce4d38b6757771bf087d6c', 86, '2016-09-03 11:00:55'),
('f4607f231cd04887b82817e4c4876400', 102, '2016-12-31 00:00:00'),
('f51efdd050e040bfa71c652fe88e9934', 33, '2016-09-03 08:30:54'),
('f560a40ded4b43948f0f5a9b07057363', 31, '2016-09-03 08:15:38'),
('f7b8fc73f61a43a196162e2461645c91', 26, '2016-12-31 00:00:00'),
('f85f577ae6314da39278dc81e85f980f', 106, '2016-09-03 11:39:08'),
('f88251437174', 7, '2016-12-31 00:00:00'),
('f989f30729be45cda2d26f458d90f42a', 9, '2016-12-31 00:00:00'),
('fa68b820f6544781917de419078a6a15', 63, '2016-09-03 09:11:00'),
('fb721d264ff843d58b009e22bafa9ee5', 9, '2016-12-31 00:00:00'),
('fdbeeab2b6654d129347f4793388faa5', 61, '2016-09-03 08:56:41'),
('fe8247b3deed44f19c164fd0be325658', 36, '2016-09-03 08:38:03'),
('ff6a1b9358054367ba80b11668ed4a5e', 70, '2016-09-03 09:26:44');

--
-- Dump dei dati per la tabella `Beacon`
--

INSERT INTO `Beacon` (`id`, `UUID`, `minor`, `major`) VALUES
(1, '12345678912345678912345678912345', 11, 22),
(2, '12345678912345678912344', 22, 33),
(3, '12312312312312312312312312312312', 1, 20),
(4, '45674567456745674567654567654567', 12, 21),
(5, 'f7826da6-4fa2-4e98-8024-bc5b71e0893e', 26106, 37898),
(6, 'f7826da6-4fa2-4e98-8024-bc5b71e0893e', 29457, 51009),
(7, 'f7826da6-4fa2-4e98-8024-bc5b71e0893e', 6133, 17321),
(8, 'f7826da6-4fa2-4e98-8024-bc5b71e0893e', 48168, 13558),
(9, 'f7826da6-4fa2-4e98-8024-bc5b71e0893e', 61201, 13028),
(10, 'f7826da6-4fa2-4e98-8024-bc5b71e0893e', 7108, 54923),
(11, 'f7826da6-4fa2-4e98-8024-bc5b71e0893e', 47095, 26547),
(12, 'f7826da6-4fa2-4e98-8024-bc5b71e0893e', 25249, 1512),
(13, 'f7826da6-4fa2-4e98-8024-bc5b71e0893e', 37164, 43440),
(14, 'f7826da6-4fa2-4e98-8024-bc5b71e0893e', 33227, 39760),
(15, 'f7826da6-4fa2-4e98-8024-bc5b71e0893e', 25713, 62300),
(16, 'f7826da6-4fa2-4e98-8024-bc5b71e0893e', 59014, 30426),
(17, 'f7826da6-4fa2-4e98-8024-bc5b71e0893e', 13146, 51883),
(18, 'f7826da6-4fa2-4e98-8024-bc5b71e0893e', 17506, 33027),
(19, 'f7826da6-4fa2-4e98-8024-bc5b71e0893e', 47235, 56102),
(20, 'f7826da6-4fa2-4e98-8024-bc5b71e0893e', 21334, 25387),
(21, 'f7826da6-4fa2-4e98-8024-bc5b71e0893e', 37059, 56878),
(22, 'f7826da6-4fa2-4e98-8024-bc5b71e0893e', 57277, 42651),
(23, 'f7826da6-4fa2-4e98-8024-bc5b71e0893e', 56218, 16360),
(24, 'f7826da6-4fa2-4e98-8024-bc5b71e0893e', 21068, 48801),
(25, 'f7826da6-4fa2-4e98-8024-bc5b71e0893e', 3687, 64117),
(26, 'f7826da6-4fa2-4e98-8024-bc5b71e0893e', 30351, 21551),
(27, 'f7826da6-4fa2-4e98-8024-bc5b71e0893e', 29361, 61859),
(28, 'f7826da6-4fa2-4e98-8024-bc5b71e0893e', 33979, 2009),
(29, 'f7826da6-4fa2-4e98-8024-bc5b71e0893e', 14330, 48446),
(30, 'f7826da6-4fa2-4e98-8024-bc5b71e0893e', 23222, 28582),
(31, 'f7826da6-4fa2-4e98-8024-bc5b71e0893e', 36000, 51183),
(32, 'f7826da6-4fa2-4e98-8024-bc5b71e0893e', 56755, 50977),
(33, 'f7826da6-4fa2-4e98-8024-bc5b71e0893e', 32558, 22237),
(34, 'f7826da6-4fa2-4e98-8024-bc5b71e0893e', 1433, 54009),
(35, 'a495f1aa-c5b1-4b44-b512-1370f02d74de', 13, 13),
(36, 'f7826da6-4fa2-4e98-8024-bc5b71e0893e', 9150, 64849),
(37, 'f7826da6-4fa2-4e98-8024-bc5b71e0893e', 59371, 7033),
(38, 'f7826da6-4fa2-4e98-8024-bc5b71e0893e', 12502, 1540),
(39, 'f7826da6-4fa2-4e98-8024-bc5b71e0893e', 21937, 48906),
(40, 'f7826da6-4fa2-4e98-8024-bc5b71e0893e', 27570, 52331),
(41, 'f7826da6-4fa2-4e98-8024-bc5b71e0893e', 53562, 43222),
(42, 'f7826da6-4fa2-4e98-8024-bc5b71e0893e', 17731, 24013),
(43, 'f7826da6-4fa2-4e98-8024-bc5b71e0893e', 38074, 56125),
(44, 'f7826da6-4fa2-4e98-8024-bc5b71e0893e', 58651, 3807),
(45, 'f7826da6-4fa2-4e98-8024-bc5b71e0893e', 58639, 30881),
(46, 'f7826da6-4fa2-4e98-8024-bc5b71e0893e', 24867, 41352),
(47, 'f7826da6-4fa2-4e98-8024-bc5b71e0893e', 43850, 29205),
(48, 'f7826da6-4fa2-4e98-8024-bc5b71e0893e', 20601, 12509),
(49, 'f7826da6-4fa2-4e98-8024-bc5b71e0893e', 7988, 24082),
(50, 'f7826da6-4fa2-4e98-8024-bc5b71e0893e', 51706, 30507),
(51, 'f7826da6-4fa2-4e98-8024-bc5b71e0893e', 22666, 22910),
(52, 'f7826da6-4fa2-4e98-8024-bc5b71e0893e', 49337, 10185),
(53, 'f7826da6-4fa2-4e98-8024-bc5b71e0893e', 22322, 22115),
(54, 'f7826da6-4fa2-4e98-8024-bc5b71e0893e', 1659, 4326);

--
-- Dump dei dati per la tabella `Building`
--

INSERT INTO `Building` (`id`, `name`, `description`, `otherInfo`, `openingTime`, `address`, `latitude`, `longitude`, `telephone`, `email`, `whatsapp`, `telegram`, `websiteURL`, `twitter`, `facebook`) VALUES
(1, 'Torre Archimede', 'Facoltà di matematica fisica e scienze naturali', 'Luogo per lezioni universitarie', '07:30-19:30', 'Via Trieste, 63, 35121 Padova PD, Italia', 45.4113311, 11.887631800000008, '049 827 120', 'dipmath@math.unipd.it', '', '', 'http://www.math.unipd.it/', '', ''),
(2, 'Casa Tommaso', 'Casa di tom', 'altre info', '0-24', 'via delle banane', 45, 5, '0445524846', 'tom@tom.tom', '', '', '', '', '');

--
-- Dump dei dati per la tabella `Path`
--

INSERT INTO `Path` (`id`, `title`, `description`, `target`, `estimatedDuration`, `startingMessage`, `rewardMessage`, `position`, `buildingID`) VALUES
(1, 'Prova', 'Descrizione del percorso prova', 'Destinato agli sviluppatori', '2 ore', 'Buongiorno sviluppatore, prova questo percorso se funziona', 'Complimenti funziona!', 1, 1),
(2, 'Giro di casa tom', 'giro turistico della casa di tom', 'tutti', '10 minuti', 'Pronto a partire?', 'Grande!!', 0, 2),
(3, 'Giro del giardino', 'gita in giardino', 'solo gnomi e fate', '3 ere', 'CIAO', 'complimenti', 1, 2);

--
-- Dump dei dati per la tabella `PathResult`
--

INSERT INTO `PathResult` (`id`, `pathID`, `userID`, `totalScore`, `startDate`, `endDate`) VALUES
(1, 1, 1, 200, '2016-07-27 09:29:31', '2016-07-27 11:00:00'),
(2, 1, 1, 34, '2016-08-19 10:53:24', '2016-08-19 13:22:15'),
(3, 1, 1, 34, '2016-08-19 10:53:24', '2016-08-19 13:22:15'),
(4, 1, 1, 34, '2016-08-19 10:53:24', '2016-08-19 13:22:15'),
(5, 1, 1, 29, '2016-08-19 10:53:24', '2016-08-19 13:22:15'),
(6, 1, 7, 34, '2016-08-19 10:53:24', '2016-08-19 13:22:15'),
(14, 1, 7, 34, '2016-08-19 10:53:24', '2016-08-19 13:22:15');

--
-- Dump dei dati per la tabella `Proof`
--

INSERT INTO `Proof` (`id`, `title`, `instructions`, `scoringAlgorithmData`, `testType`, `testData`, `testTitle`, `testInstructions`) VALUES
(4, 'Domanda delle scale', 'Rispondi alla domanda', '5050.json', 1, 'GameCollection.json', 'Domandone', 'Seleziona la risposta corretta'),
(5, 'Domanda della lavagna', 'Rispondi alla domanda', 'CorrectnessOnly.json', 2, 'CulturaGeneraleMultipleChoice.json', 'Banalità', 'Seleziona la risposta giusta tra vero e falso');

--
-- Dump dei dati per la tabella `ProofResult`
--

INSERT INTO `ProofResult` (`id`, `proofID`, `pathResultID`, `startTime`, `endTime`, `score`) VALUES
(1, 4, 1, '2016-07-27 09:20:00', '2016-08-19 14:39:13', 10),
(3, 5, 1, '2016-07-27 10:00:00', '2016-08-19 14:39:29', 5),
(4, 4, 4, '2016-08-19 10:53:55', '2016-08-19 11:56:05', 15),
(5, 5, 4, '2016-08-19 12:03:12', '2016-08-19 13:22:15', 19),
(6, 4, 5, '2016-08-24 10:53:55', '2016-08-24 11:56:05', 12),
(7, 5, 5, '2016-08-24 12:03:12', '2016-08-24 13:22:15', 17),
(8, 4, 6, '2016-08-19 10:53:55', '2016-08-19 11:56:05', 15),
(9, 5, 6, '2016-08-19 12:03:12', '2016-08-19 13:22:15', 19),
(24, 4, 14, '2016-08-19 10:53:55', '2016-08-19 11:56:05', 15),
(25, 5, 14, '2016-08-19 12:03:12', '2016-08-19 13:22:15', 0);

--
-- Dump dei dati per la tabella `Proximity`
--

INSERT INTO `Proximity` (`id`, `beaconID`, `percentage`, `textToDisplay`) VALUES
(1, 1, -30, 'Acqua'),
(2, 2, 80, 'fuoco');

--
-- Dump dei dati per la tabella `Step`
--

INSERT INTO `Step` (`id`, `stopBeaconID`, `proofID`, `pathID`, `position`) VALUES
(3, 1, 4, 1, 1),
(4, 2, 5, 1, 2),
(5, 2, 4, 2, 1),
(6, 1, 5, 2, 2);

--
-- Dump dei dati per la tabella `StepProximity`
--

INSERT INTO `StepProximity` (`stepID`, `proximityID`) VALUES
(3, 2),
(5, 1);

--
-- Dump dei dati per la tabella `User`
--

INSERT INTO `User` (`id`, `email`, `username`, `password`, `modificationDate`, `creationDate`) VALUES
(1, 'tommaso@gmail.com', 'YO', 'banana33', '2016-09-03 15:43:57', '0000-00-00 00:00:00'),
(2, 'cicciopasticcio@gmail.com', 'fdlsa', 'password', '2016-08-04 14:47:46', '0000-00-00 00:00:00'),
(3, 'testb419f@testemail.com', 'testb419f', '123abcDEF', '2016-08-04 14:58:28', '0000-00-00 00:00:00'),
(4, 'testec7a3@testemail.com', 'testec7a3', '123abcDEF', '2016-08-04 14:59:56', '0000-00-00 00:00:00'),
(7, 'cenze@gmail.com', 'Cenze', 'Cenze94', '2016-09-02 07:31:32', '0000-00-00 00:00:00'),
(9, 'prova@gmail.com', 'Prova', 'prova33', '2016-08-23 17:59:40', '0000-00-00 00:00:00'),
(10, 'provalog@gmail.cenze', 'Provalog', 'provalog33', '2016-08-15 10:51:40', '0000-00-00 00:00:00'),
(25, 'vivi.prova@gmail.com', '', '', '2016-09-02 14:56:46', '0000-00-00 00:00:00'),
(26, 'prova2@gmail.com', 'vivi', 'password1000', '2016-09-02 16:20:17', '0000-00-00 00:00:00'),
(30, 'gianburrasca@gmail.com', 'mannaggia', 'password', '2016-08-27 10:21:33', '0000-00-00 00:00:00'),
(31, 'test_acdd@test.com', 'test_acdd', 'test-passw0rd', '2016-09-03 08:15:38', '0000-00-00 00:00:00'),
(32, 'test_8f2f@test.com', 'test_8f2f', 'test-passw0rd', '2016-09-03 08:16:09', '0000-00-00 00:00:00'),
(33, 'test_4763@test.com', 'test_4763', 'test-passw0rd', '2016-09-03 08:30:54', '0000-00-00 00:00:00'),
(34, 'test_2ac3@test.com', 'test_2ac3', 'test-passw0rd', '2016-09-03 08:32:21', '0000-00-00 00:00:00'),
(35, 'test_8223@test.com', 'test_8223', 'test-passw0rd', '2016-09-03 08:37:47', '0000-00-00 00:00:00'),
(36, 'test_fb6e@test.com', 'test_fb6e', 'test-passw0rd', '2016-09-03 08:38:03', '0000-00-00 00:00:00'),
(37, 'test_ceb8@test.com', 'test_ceb8', 'test-passw0rd', '2016-09-03 08:38:17', '0000-00-00 00:00:00'),
(38, 'test_11f5@test.com', 'test_11f5', 'test-passw0rd', '2016-09-03 08:39:11', '0000-00-00 00:00:00'),
(39, 'test_62de@test.com', 'test_62de', 'test-passw0rd', '2016-09-03 08:39:18', '0000-00-00 00:00:00'),
(40, 'test_89b0@test.com', 'test_89b0', 'test-passw0rd', '2016-09-03 08:39:44', '0000-00-00 00:00:00'),
(41, 'test_96af@test.com', 'test_96af', 'test-passw0rd', '2016-09-03 08:39:52', '0000-00-00 00:00:00'),
(42, 'test_f290@test.com', 'test_f290', 'test-passw0rd', '2016-09-03 08:40:09', '0000-00-00 00:00:00'),
(43, 'test_9788@test.com', 'test_9788', 'test-passw0rd', '2016-09-03 08:40:16', '0000-00-00 00:00:00'),
(44, 'test_51c8@test.com', 'test_51c8', 'test-passw0rd', '2016-09-03 08:40:42', '0000-00-00 00:00:00'),
(45, 'test_b281@test.com', 'test_b281', 'test-passw0rd', '2016-09-03 08:41:01', '0000-00-00 00:00:00'),
(46, 'test_0c35@test.com', 'test_0c35', 'test-passw0rd', '2016-09-03 08:41:04', '0000-00-00 00:00:00'),
(47, 'test_c168@test.com', 'test_c168', 'test-passw0rd', '2016-09-03 08:41:06', '0000-00-00 00:00:00'),
(48, 'test_2ecf@test.com', 'test_2ecf', 'test-passw0rd', '2016-09-03 08:41:08', '0000-00-00 00:00:00'),
(49, 'test_3b78@test.com', 'test_3b78', 'test-passw0rd', '2016-09-03 08:42:46', '0000-00-00 00:00:00'),
(50, 'test_73ee@test.com', 'test_73ee', 'test-passw0rd', '2016-09-03 08:42:55', '0000-00-00 00:00:00'),
(51, 'test_5dda@test.com', 'test_5dda', 'test-passw0rd', '2016-09-03 08:43:33', '0000-00-00 00:00:00'),
(52, 'test_292f@test.com', 'test_292f', 'test-passw0rd', '2016-09-03 08:45:13', '0000-00-00 00:00:00'),
(53, 'test_f4c1@test.com', 'test_f4c1', 'test-passw0rd', '2016-09-03 08:45:26', '0000-00-00 00:00:00'),
(54, 'test_7006@test.com', 'test_7006', 'test-passw0rd', '2016-09-03 08:53:13', '0000-00-00 00:00:00'),
(55, 'test_7d2a@test.com', 'test_7d2a', 'test-passw0rd', '2016-09-03 08:53:25', '0000-00-00 00:00:00'),
(56, 'test_4ad8@test.com', 'test_4ad8', 'test-passw0rd', '2016-09-03 08:54:44', '0000-00-00 00:00:00'),
(57, 'test_b24a@test.com', 'test_b24a', 'test-passw0rd', '2016-09-03 08:55:07', '0000-00-00 00:00:00'),
(58, 'test_c19b@test.com', 'test_c19b', 'test-passw0rd', '2016-09-03 08:55:23', '0000-00-00 00:00:00'),
(59, 'test_7365@test.com', 'test_7365', 'test-passw0rd', '2016-09-03 08:55:40', '0000-00-00 00:00:00'),
(60, 'test_ced0@test.com', 'test_ced0', 'test-passw0rd', '2016-09-03 08:56:01', '0000-00-00 00:00:00'),
(61, 'test_8e5a@test.com', 'test_8e5a', 'test-passw0rd', '2016-09-03 08:56:41', '0000-00-00 00:00:00'),
(62, 'test_125e@test.com', 'test_125e', 'test-passw0rd', '2016-09-03 09:08:36', '0000-00-00 00:00:00'),
(63, 'test_aac0@test.com', 'test_aac0', 'test-passw0rd', '2016-09-03 09:11:00', '0000-00-00 00:00:00'),
(64, 'test_040f@test.com', 'test_040f', 'test-passw0rd', '2016-09-03 09:11:56', '0000-00-00 00:00:00'),
(65, 'test_d464@test.com', 'test_d464', 'test-passw0rd', '2016-09-03 09:12:26', '0000-00-00 00:00:00'),
(66, 'test_86c3@test.com', 'test_86c3', 'test-passw0rd', '2016-09-03 09:13:16', '0000-00-00 00:00:00'),
(67, 'test_a213@test.com', 'test_a213', 'test-passw0rd', '2016-09-03 09:16:50', '0000-00-00 00:00:00'),
(68, 'test_0b3f@test.com', 'test_0b3f', 'test-passw0rd', '2016-09-03 09:22:38', '0000-00-00 00:00:00'),
(69, 'test_02fd@test.com', 'test_02fd', 'test-passw0rd', '2016-09-03 09:23:51', '0000-00-00 00:00:00'),
(70, 'test_d357@test.com', 'test_d357', 'test-passw0rd', '2016-09-03 09:26:44', '0000-00-00 00:00:00'),
(71, 'test_c3af@test.com', 'test_c3af', 'test-passw0rd', '2016-09-03 09:27:49', '0000-00-00 00:00:00'),
(72, 'test_d244@test.com', 'test_d244', 'test-passw0rd', '2016-09-03 09:29:36', '0000-00-00 00:00:00'),
(73, 'test_2b1b@test.com', 'test_2b1b', 'test-passw0rd', '2016-09-03 09:30:21', '0000-00-00 00:00:00'),
(74, 'test_6ab3@test.com', 'test_6ab3', 'test-passw0rd', '2016-09-03 09:32:15', '0000-00-00 00:00:00'),
(75, 'test_d8cf@test.com', 'test_d8cf', 'test-passw0rd', '2016-09-03 09:32:29', '0000-00-00 00:00:00'),
(76, 'test_edef@test.com', 'test_edef', 'test-passw0rd', '2016-09-03 09:33:34', '0000-00-00 00:00:00'),
(77, 'test_eee4@test.com', 'test_eee4', 'test-passw0rd', '2016-09-03 09:33:55', '0000-00-00 00:00:00'),
(78, 'test_42f4@test.com', 'test_42f4', 'test-passw0rd', '2016-09-03 09:34:25', '0000-00-00 00:00:00'),
(79, 'test_bb1e@test.com', 'test_bb1e', 'test-passw0rd', '2016-09-03 09:54:42', '0000-00-00 00:00:00'),
(80, 'test_368d@test.com', 'test_368d', 'test-passw0rd', '2016-09-03 09:55:03', '0000-00-00 00:00:00'),
(81, 'test_d06d@test.com', 'test_d06d', 'test-passw0rd', '2016-09-03 10:14:44', '0000-00-00 00:00:00'),
(82, 'test_cfb8@test.com', 'test_cfb8', 'test-passw0rd', '2016-09-03 10:43:09', '0000-00-00 00:00:00'),
(83, 'test_bf34@test.com', 'test_bf34', 'test-passw0rd', '2016-09-03 10:43:36', '0000-00-00 00:00:00'),
(84, 'test_3134@test.com', 'test_3134', 'test-passw0rd', '2016-09-03 10:49:05', '0000-00-00 00:00:00'),
(85, 'test_b1fa@test.com', 'test_b1fa', 'test-passw0rd', '2016-09-03 10:50:50', '0000-00-00 00:00:00'),
(86, 'test_1196@test.com', 'test_1196', 'test-passw0rd', '2016-09-03 11:00:55', '0000-00-00 00:00:00'),
(87, 'test_f31e@test.com', 'test_f31e', 'test-passw0rd', '2016-09-03 11:02:01', '0000-00-00 00:00:00'),
(88, 'test_4545@test.com', 'test_4545', 'test-passw0rd', '2016-09-03 11:04:19', '0000-00-00 00:00:00'),
(89, 'test_1d7e@test.com', 'test_1d7e', 'test-passw0rd', '2016-09-03 11:05:08', '0000-00-00 00:00:00'),
(90, 'test_1191@test.com', 'test_1191', 'test-passw0rd', '2016-09-03 11:11:59', '0000-00-00 00:00:00'),
(91, 'test_2679@test.com', 'test_2679', 'test-passw0rd', '2016-09-03 11:12:22', '0000-00-00 00:00:00'),
(92, 'test_39e8@test.com', 'test_39e8', 'test-passw0rd', '2016-09-03 11:12:44', '0000-00-00 00:00:00'),
(93, 'test_6a7a@test.com', 'test_6a7a', 'test-passw0rd', '2016-09-03 11:15:04', '0000-00-00 00:00:00'),
(94, 'test_85d9@test.com', 'test_85d9', 'test-passw0rd', '2016-09-03 11:15:20', '0000-00-00 00:00:00'),
(95, 'test_f24c@test.com', 'test_f24c', 'test-passw0rd', '2016-09-03 11:17:05', '0000-00-00 00:00:00'),
(96, 'test_7910@test.com', 'test_7910', 'test-passw0rd', '2016-09-03 11:28:08', '0000-00-00 00:00:00'),
(97, 'test_903d@test.com', 'test_903d', 'test-passw0rd', '2016-09-03 11:29:12', '0000-00-00 00:00:00'),
(98, 'test_decc@test.com', 'test_decc', 'test-passw0rd', '2016-09-03 11:30:15', '0000-00-00 00:00:00'),
(99, 'test_a346@test.com', 'test_a346', 'test-passw0rd', '2016-09-03 11:31:24', '0000-00-00 00:00:00'),
(100, 'test_123b@test.com', 'test_123b', 'test-passw0rd', '2016-09-03 11:31:51', '0000-00-00 00:00:00'),
(101, 'test_195e@test.com', 'test_195e', 'test-passw0rd', '2016-09-03 11:32:46', '0000-00-00 00:00:00'),
(102, 'test_0524@test.com', 'test_0524', 'test-passw0rd', '2016-09-03 11:33:25', '0000-00-00 00:00:00'),
(103, 'test_3883@test.com', 'test_3883', 'test-passw0rd', '2016-09-03 11:37:56', '0000-00-00 00:00:00'),
(104, 'test_e50e@test.com', 'test_e50e', 'test-passw0rd', '2016-09-03 11:38:52', '0000-00-00 00:00:00'),
(105, 'test_6a7c@test.com', 'test_6a7c', 'test-passw0rd', '2016-09-03 11:39:00', '0000-00-00 00:00:00'),
(106, 'test_fdd9@test.com', 'test_fdd9', 'test-passw0rd', '2016-09-03 11:39:09', '0000-00-00 00:00:00'),
(107, 'test_1ddd@test.com', 'test_1ddd', 'test-passw0rd', '2016-09-03 11:39:51', '0000-00-00 00:00:00'),
(108, 'test_7435@test.com', 'test_7435', 'test-passw0rd', '2016-09-03 11:41:19', '0000-00-00 00:00:00'),
(109, 'test_624f@test.com', 'test_624f', 'test-passw0rd', '2016-09-03 11:44:14', '0000-00-00 00:00:00'),
(110, 'test_533d@test.com', 'test_533d', 'test-passw0rd', '2016-09-03 11:46:48', '0000-00-00 00:00:00'),
(111, 'test_b931@test.com', 'test_b931', 'test-passw0rd', '2016-09-03 15:00:22', '0000-00-00 00:00:00'),
(112, 'test_fdfc@test.com', 'test_fdfc', 'test-passw0rd', '2016-09-03 15:05:20', '0000-00-00 00:00:00'),
(113, 'test_1753@test.com', 'test_1753', 'test-passw0rd', '2016-09-03 15:08:57', '0000-00-00 00:00:00'),
(114, 'test_f940@test.com', 'test_f940', 'test-passw0rd', '2016-09-03 15:32:46', '0000-00-00 00:00:00'),
(115, 'test_00b0@test.com', 'test_00b0', 'test-passw0rd', '2016-09-03 15:35:39', '0000-00-00 00:00:00'),
(116, 'test_b19f@test.com', 'test_b19f', 'test-passw0rd', '2016-09-03 15:38:39', '0000-00-00 00:00:00'),
(117, 'test_dc99@test.com', 'test_dc99', 'test-passw0rd', '2016-09-03 15:38:39', '0000-00-00 00:00:00'),
(118, 'test_8028@test.com', 'test_8028', 'test-passw0rd', '2016-09-03 15:39:17', '0000-00-00 00:00:00'),
(119, 'test_d1dc@test.com', 'test_d1dc', 'test-passw0rd', '2016-09-03 15:44:21', '0000-00-00 00:00:00'),
(120, 'test_1811@test.com', 'test_1811', 'test-passw0rd', '2016-09-03 15:47:15', '0000-00-00 00:00:00');

/*!40101 SET CHARACTER_SET_CLIENT=@OLD_CHARACTER_SET_CLIENT */;
/*!40101 SET CHARACTER_SET_RESULTS=@OLD_CHARACTER_SET_RESULTS */;
/*!40101 SET COLLATION_CONNECTION=@OLD_COLLATION_CONNECTION */;
